{"accuracy": 0.8100558659217877, "timestamp": 1747561950.764438, "model_version": "1.0.0"}